area,model,CQ1,CQ2,CQ3,CQ4
gb_rict2,physical,21.02606,24.05393,26.21696,32.90923
gb,physical,22.362,25.4715,27.6882,34.5282
ni,physical,18.307,21.1608,23.2093,29.5883
iom,physical,9.4877,11.6678,13.2767,18.4668
gb,gis,27.5871,30.995,33.4087,40.7902
